{"stats":{"minecraft:killed_by":{"minecraft:zombie":2},"minecraft:mined":{"minecraft:sugar_cane":1},"minecraft:picked_up":{"minecraft:sugar_cane":4},"minecraft:custom":{"minecraft:jump":77,"minecraft:time_since_rest":1735,"minecraft:damage_dealt":12,"minecraft:damage_taken":482,"minecraft:leave_game":3,"minecraft:play_time":15079,"minecraft:sprint_one_cm":6241,"minecraft:time_since_death":527,"minecraft:walk_one_cm":11858,"minecraft:deaths":2,"minecraft:sleep_in_bed":1,"minecraft:total_world_time":15079,"minecraft:fall_one_cm":2635,"minecraft:fly_one_cm":16005}},"DataVersion":3465}